,ROUGE-1,ROUGE-2,ROUGE-SU4
basic,0.71024,0.27204,0.37444
svm,0.595,0.18314,0.30188
svr,0.67304,0.26152,0.3544
org,0.77776,0.35852,0.42424
